[{"family":"MaterialIcons","fonts":[{"asset":"fonts/MaterialIcons-Regular.otf"}]},{"family":"CustomIcon","fonts":[{"asset":"assets/fonts/CustomIcon.ttf"}]},{"family":"packages/font_awesome_flutter/FontAwesomeBrands","fonts":[{"weight":400,"asset":"packages/font_awesome_flutter/lib/fonts/fa-brands-400.ttf"}]},{"family":"packages/font_awesome_flutter/FontAwesomeRegular","fonts":[{"weight":400,"asset":"packages/font_awesome_flutter/lib/fonts/fa-regular-400.ttf"}]},{"family":"packages/font_awesome_flutter/FontAwesomeSolid","fonts":[{"weight":900,"asset":"packages/font_awesome_flutter/lib/fonts/fa-solid-900.ttf"}]},{"family":"packages/fluttericon/Brandico","fonts":[{"asset":"packages/fluttericon/lib/fonts/Brandico.ttf"}]},{"family":"packages/fluttericon/Elusive","fonts":[{"asset":"packages/fluttericon/lib/fonts/Elusive.ttf"}]},{"family":"packages/fluttericon/Entypo","fonts":[{"asset":"packages/fluttericon/lib/fonts/Entypo.ttf"}]},{"family":"packages/fluttericon/FontAwesome","fonts":[{"asset":"packages/fluttericon/lib/fonts/FontAwesome.ttf"}]},{"family":"packages/fluttericon/FontAwesome5","fonts":[{"asset":"packages/fluttericon/lib/fonts/FontAwesome5.ttf"}]},{"family":"packages/fluttericon/Fontelico","fonts":[{"asset":"packages/fluttericon/lib/fonts/Fontelico.ttf"}]},{"family":"packages/fluttericon/Iconic","fonts":[{"asset":"packages/fluttericon/lib/fonts/Iconic.ttf"}]},{"family":"packages/fluttericon/LineariconsFree","fonts":[{"asset":"packages/fluttericon/lib/fonts/LineariconsFree.ttf"}]},{"family":"packages/fluttericon/Linecons","fonts":[{"asset":"packages/fluttericon/lib/fonts/Linecons.ttf"}]},{"family":"packages/fluttericon/Maki","fonts":[{"asset":"packages/fluttericon/lib/fonts/Maki.ttf"}]},{"family":"packages/fluttericon/Meteocons","fonts":[{"asset":"packages/fluttericon/lib/fonts/Meteocons.ttf"}]},{"family":"packages/fluttericon/MfgLabs","fonts":[{"asset":"packages/fluttericon/lib/fonts/MfgLabs.ttf"}]},{"family":"packages/fluttericon/ModernPictograms","fonts":[{"asset":"packages/fluttericon/lib/fonts/ModernPictograms.ttf"}]},{"family":"packages/fluttericon/Typicons","fonts":[{"asset":"packages/fluttericon/lib/fonts/Typicons.ttf"}]},{"family":"packages/fluttericon/WebSymbols","fonts":[{"asset":"packages/fluttericon/lib/fonts/WebSymbols.ttf"}]},{"family":"packages/fluttericon/Zocial","fonts":[{"asset":"packages/fluttericon/lib/fonts/Zocial.ttf"}]},{"family":"packages/fluttericon/RpgAwesome","fonts":[{"asset":"packages/fluttericon/lib/fonts/RpgAwesome.ttf"}]},{"family":"packages/fluttericon/Octicons","fonts":[{"asset":"packages/fluttericon/lib/fonts/Octicons.ttf"}]},{"family":"packages/cupertino_icons/CupertinoIcons","fonts":[{"asset":"packages/cupertino_icons/assets/CupertinoIcons.ttf"}]},{"family":"packages/flutter_math_fork/KaTeX_Main","fonts":[{"asset":"packages/flutter_math_fork/lib/katex_fonts/fonts/KaTeX_Main-Regular.ttf"},{"style":"italic","asset":"packages/flutter_math_fork/lib/katex_fonts/fonts/KaTeX_Main-Italic.ttf"},{"weight":700,"asset":"packages/flutter_math_fork/lib/katex_fonts/fonts/KaTeX_Main-Bold.ttf"},{"weight":700,"style":"italic","asset":"packages/flutter_math_fork/lib/katex_fonts/fonts/KaTeX_Main-BoldItalic.ttf"}]},{"family":"packages/flutter_math_fork/KaTeX_Math","fonts":[{"style":"italic","asset":"packages/flutter_math_fork/lib/katex_fonts/fonts/KaTeX_Math-Italic.ttf"},{"weight":700,"style":"italic","asset":"packages/flutter_math_fork/lib/katex_fonts/fonts/KaTeX_Math-BoldItalic.ttf"}]},{"family":"packages/flutter_math_fork/KaTeX_AMS","fonts":[{"asset":"packages/flutter_math_fork/lib/katex_fonts/fonts/KaTeX_AMS-Regular.ttf"}]},{"family":"packages/flutter_math_fork/KaTeX_Caligraphic","fonts":[{"asset":"packages/flutter_math_fork/lib/katex_fonts/fonts/KaTeX_Caligraphic-Regular.ttf"},{"weight":700,"asset":"packages/flutter_math_fork/lib/katex_fonts/fonts/KaTeX_Caligraphic-Bold.ttf"}]},{"family":"packages/flutter_math_fork/KaTeX_Fraktur","fonts":[{"asset":"packages/flutter_math_fork/lib/katex_fonts/fonts/KaTeX_Fraktur-Regular.ttf"},{"weight":700,"asset":"packages/flutter_math_fork/lib/katex_fonts/fonts/KaTeX_Fraktur-Bold.ttf"}]},{"family":"packages/flutter_math_fork/KaTeX_SansSerif","fonts":[{"asset":"packages/flutter_math_fork/lib/katex_fonts/fonts/KaTeX_SansSerif-Regular.ttf"},{"weight":700,"asset":"packages/flutter_math_fork/lib/katex_fonts/fonts/KaTeX_SansSerif-Bold.ttf"},{"style":"italic","asset":"packages/flutter_math_fork/lib/katex_fonts/fonts/KaTeX_SansSerif-Italic.ttf"}]},{"family":"packages/flutter_math_fork/KaTeX_Script","fonts":[{"asset":"packages/flutter_math_fork/lib/katex_fonts/fonts/KaTeX_Script-Regular.ttf"}]},{"family":"packages/flutter_math_fork/KaTeX_Typewriter","fonts":[{"asset":"packages/flutter_math_fork/lib/katex_fonts/fonts/KaTeX_Typewriter-Regular.ttf"}]},{"family":"packages/flutter_math_fork/KaTeX_Size1","fonts":[{"asset":"packages/flutter_math_fork/lib/katex_fonts/fonts/KaTeX_Size1-Regular.ttf"}]},{"family":"packages/flutter_math_fork/KaTeX_Size2","fonts":[{"asset":"packages/flutter_math_fork/lib/katex_fonts/fonts/KaTeX_Size2-Regular.ttf"}]},{"family":"packages/flutter_math_fork/KaTeX_Size3","fonts":[{"asset":"packages/flutter_math_fork/lib/katex_fonts/fonts/KaTeX_Size3-Regular.ttf"}]},{"family":"packages/flutter_math_fork/KaTeX_Size4","fonts":[{"asset":"packages/flutter_math_fork/lib/katex_fonts/fonts/KaTeX_Size4-Regular.ttf"}]}]